{"cameraMode":{"drawMode":0,"name":"Shaded","section":"Shading Mode"},"sceneLighting":true,"audioPlay":false,"sceneViewState":{"m_AlwaysRefresh":false,"showFog":true,"showSkybox":true,"showFlares":true,"showImageEffects":true,"showParticleSystems":true,"showVisualEffectGraphs":true,"m_FxEnabled":true},"in2DMode":false,"pivot":{"x":825.5416259765625,"y":356.5548095703125,"z":-436.17498779296877},"rotation":{"x":-0.060246508568525317,"y":0.03630276024341583,"z":-0.002029589144513011,"w":-0.9976171851158142},"size":7.751675128936768,"orthographic":false}